[{
    "id": 1,
    "actorName": "Robert De Niro",
    "characterName": "Ben",
    "pictureURL": "https://m.media-amazon.com/images/M/MV5BMjAwNDU3MzcyOV5BMl5BanBnXkFtZTcwMjc0MTIxMw@@._V1_UY317_CR13,0,214,317_AL_.jpg",
    "yearOfBirth": "1943"
}, {
    "id": 2,
    "actorName": "Anne Hathaway",
    "characterName": "Jules",
    "pictureURL": "https://m.media-amazon.com/images/M/MV5BMTRhNzQ3NGMtZmQ1Mi00ZTViLTk3OTgtOTk0YzE2YTgwMmFjXkEyXkFqcGdeQXVyNzg5MzIyOA@@._V1_UY317_CR20,0,214,317_AL_.jpg"
}, {
    "id": 3,
    "actorName": "Rene Russo",
    "characterName": "Fiona",
    "pictureURL": "https://m.media-amazon.com/images/M/MV5BNjE4MDk2ODY3OF5BMl5BanBnXkFtZTYwMTc0Mjk2._V1_UY317_CR13,0,214,317_AL_.jpg"
}, {
    "id": 4,
    "actorName": "Anders Holm",
    "characterName": "Matt",
    "pictureURL": "https://m.media-amazon.com/images/M/MV5BMTg0NDg2NTU5NV5BMl5BanBnXkFtZTgwOTA0NzY4NjE@._V1_UY317_CR5,0,214,317_AL_.jpg"
}, {
    "id": 5,
    "actorName": "Adam Devine",
    "characterName": "Jason",
    "pictureURL": "https://m.media-amazon.com/images/M/MV5BMTU2MzI2NTc5NF5BMl5BanBnXkFtZTgwMzkzNTY4NjE@._V1_UX214_CR0,0,214,317_AL_.jpg"
}]